Height,Weight,T-shirt Size,ED
158,58,M,4.242640687
158,59,M,3.605551275
158,63,M,3.605551275
160,59,M,2.236067977
160,60,M,1.414213562
163,60,M,2.236067977
163,61,M,2
160,64,L,3.16227766
163,64,L,3.605551275
165,61,L,4
165,62,L,4.123105626
165,65,L,5.656854249
168,62,L,7.071067812
168,63,L,7.280109889
168,66,L,8.602325267
170,63,L,9.219544457
170,64,L,9.486832981
170,68,L,11.40175425
,,,
161,61,?[Ans: M],[For K=3]
161,61,?[Ans: M],[For K=5]
